"ID","name","versionNumber","contentType","dataFileSizeBytes","createdBy","createdOn","modifiedBy","modifiedOn","parentId","synapseURL","dataFileMD5Hex"
"syn26452727","UCSC_hg19_CGI-sorted.bed","1","application/octet-stream","656967","3380665","1636581234403","3380665","1636581234403","syn26452714","https://www.synapse.org/#!Synapse:syn26452727.1","b7d740e3e7324e1e293dcc7f9c077730"
"syn26452717","Ensembl_hg19_intergenic-sorted.bed","1","application/octet-stream","811389","3380665","1636581167980","3380665","1636581167980","syn26452714","https://www.synapse.org/#!Synapse:syn26452717.1","3489e3ef208e0167a8cbb2f216ea3ee5"
"syn26452720","UCSC_hg19_CGI_shore-sorted.bed","1","application/octet-stream","1189698","3380665","1636581174246","3380665","1636581174246","syn26452714","https://www.synapse.org/#!Synapse:syn26452720.1","cfbdbab6764ee29083869d64891f4271"
"syn26452726","ENCFF001TAU_NHA_EZH2-sorted.bed","1","application/octet-stream","1518051","3380665","1636581232990","3380665","1636581232990","syn26452714","https://www.synapse.org/#!Synapse:syn26452726.1","8b18e4dfac67c6fe53ac1886af793f82"
"syn26452721","ENCFF001UBB_H1HESC_CTCF_2-sorted.bed","1","application/octet-stream","1916652","3380665","1636581176226","3380665","1636581176226","syn26452714","https://www.synapse.org/#!Synapse:syn26452721.1","cdf7292bbb164f96fec0ddd1faa14569"
"syn26452724","FANTOM5_hg19_gene_matched_TSS.padded_1500u_500d.bed","1","application/octet-stream","2020519","3380665","1636581228748","3380665","1636581228748","syn26452714","https://www.synapse.org/#!Synapse:syn26452724.1","195f07f87979b02a072ba9eda0312ba8"
"syn26452719","Ensembl_hg19_gene_body-sorted.bed","1","application/octet-stream","2533689","3380665","1636581172579","3380665","1636581172579","syn26452714","https://www.synapse.org/#!Synapse:syn26452719.1","495832b93f47d7a0f553047c7cf92e4c"
"syn26452716","ENCFF001UBA_H1HESC_CTCF_1-sorted.bed","1","application/octet-stream","3064797","3380665","1636581166288","3380665","1636581166288","syn26452714","https://www.synapse.org/#!Synapse:syn26452716.1","bc90c1479f5eeb6f404e0db7bb84e08d"
"syn26452718","ENCFF001TAT_NHA_CTCF-sorted.bed","1","application/octet-stream","3130859","3380665","1636581170418","3380665","1636581170418","syn26452714","https://www.synapse.org/#!Synapse:syn26452718.1","d4cb282a9ab608c029a1de1e9d928460"
"syn26452725","ENCFF001USC_Gliobla_CTCF-sorted.bed","1","application/octet-stream","3260298","3380665","1636581231150","3380665","1636581231150","syn26452714","https://www.synapse.org/#!Synapse:syn26452725.1","1be2e9bce06481c2eac348f525e68f35"
"syn26452732","FANTOM5_hg19_human_permissive_enhancers_phase_1_and_2-sorted.bed","1","application/octet-stream","5893060","3380665","1636581295058","3380665","1636581295058","syn26452714","https://www.synapse.org/#!Synapse:syn26452732.1","237dd3525d2d06bc7873fa5deacd2033"
"syn26452730","ENCFF001SUU_H1HESC_EZH2-sorted.bed","1","application/octet-stream","6924897","3380665","1636581267866","3380665","1636581267866","syn26452714","https://www.synapse.org/#!Synapse:syn26452730.1","44316d2d3b58e160dc02e034c53365d9"
"syn26452734","Ensembl_hg19_intron-sorted.bed","1","application/octet-stream","12283031","3380665","1636581310371","3380665","1636581310371","syn26452714","https://www.synapse.org/#!Synapse:syn26452734.1","38b4f24258b62b3491ae85eef5995577"
"syn26452733","UCSC_hg19_RepeatMasker-L2_family-sorted.bed","1","application/octet-stream","15660444","3380665","1636581303311","3380665","1636581303311","syn26452714","https://www.synapse.org/#!Synapse:syn26452733.1","d5a41df311cc42c6bc1ef18a5d5392ff"
"syn26452729","UCSC_hg19_RepeatMasker-MIR_family-sorted.bed","1","application/octet-stream","20467460","3380665","1636581263571","3380665","1636581263571","syn26452714","https://www.synapse.org/#!Synapse:syn26452729.1","6358388e2f481ef5f1b93f704cea795c"
"syn26452722","Ensembl_hg19_exon-sorted.bed","1","application/octet-stream","29455953","3380665","1636581191619","3380665","1636581191619","syn26452714","https://www.synapse.org/#!Synapse:syn26452722.1","c05f9419688889bcc60b08f71be22e0e"
"syn26452728","UCSC_hg19_RepeatMasker-L1_family-sorted.bed","1","application/octet-stream","34292633","3380665","1636581252693","3380665","1636581252693","syn26452714","https://www.synapse.org/#!Synapse:syn26452728.1","38767930c720074ba03e75561b5c376e"
"syn26452731","UCSC_hg19_RepeatMasker-Alu_family-sorted.bed","1","application/octet-stream","43384764","3380665","1636581290956","3380665","1636581290956","syn26452714","https://www.synapse.org/#!Synapse:syn26452731.1","51e22ccbf2633fb9e87d921bce64ad06"
"syn26452723","UCSC_hg19_DNaseI_hypersensitive_sites-sorted.bed","1","application/octet-stream","69114092","3380665","1636581226768","3380665","1636581226768","syn26452714","https://www.synapse.org/#!Synapse:syn26452723.1","054d35ac806f07529b97a4a1967afe33"
